iter,train_loss,val_loss,lr
0,11.003249168395996,11.003072738647461,1.4992503748125936e-07
1000,4.952997207641602,4.950347423553467,0.00015007496251874061
2000,3.869734287261963,3.8705193996429443,0.0002999999999999999
3000,3.528557777404785,3.5237317085266113,0.00023249999999999996
4000,3.383523464202881,3.3846609592437744,9.750000000000001e-05
5000,3.321639060974121,3.327441453933716,2.9999999999999997e-05
