iter,train_loss,val_loss,lr
0,11.00324821472168,11.003076553344727,1.4992503748125936e-07
