iter,train_loss,val_loss,lr
0,11.003249168395996,11.003072738647461,1.4992503748125938e-06
1000,3.7675046920776367,3.7734103202819824,0.0015007496251874064
2000,3.4012715816497803,3.408386468887329,0.003
3000,3.205562114715576,3.208378791809082,0.002325
4000,3.081644296646118,3.089010238647461,0.0009750000000000004
5000,3.0107953548431396,3.0244414806365967,0.00030000000000000003
