iter,train_loss,val_loss,lr
0,11.003249168395996,11.003072738647461,1.4992503748125936e-07
1000,4.89601993560791,4.892521381378174,0.00015007496251874061
2000,3.8456308841705322,3.846435546875,0.0002999999999999999
3000,3.5069046020507812,3.5029959678649902,0.00023249999999999996
4000,3.3678977489471436,3.369319200515747,9.750000000000001e-05
5000,3.3082242012023926,3.3140451908111572,2.9999999999999997e-05
