iter,train_loss,val_loss,lr
0,11.003249168395996,11.003072738647461,1.4992503748125938e-06
1000,3.8295814990997314,3.8352417945861816,0.0015007496251874064
2000,3.442643404006958,3.4494540691375732,0.003
3000,3.2152516841888428,3.2172460556030273,0.002325
4000,3.0877368450164795,3.0945305824279785,0.0009750000000000004
5000,3.013934373855591,3.027416944503784,0.00030000000000000003
